REGION,SETTLEMENTDATE,TOTALDEMAND,RRP,PERIODTYPE
VIC1,2021/08/01 00:30:00,4897.23,80.92,TRADE
VIC1,2021/08/01 01:00:00,4705.81,107.83,TRADE
VIC1,2021/08/01 01:30:00,4538.53,104.64,TRADE
VIC1,2021/08/01 02:00:00,4350.44,52.14,TRADE
VIC1,2021/08/01 02:30:00,4170.25,37.81,TRADE
VIC1,2021/08/01 03:00:00,4073.41,36.22,TRADE
VIC1,2021/08/01 03:30:00,3961.8,21.50,TRADE
VIC1,2021/08/01 04:00:00,3941.72,9.39,TRADE
VIC1,2021/08/01 04:30:00,3879.34,10.80,TRADE
VIC1,2021/08/01 05:00:00,3897.16,29.59,TRADE
VIC1,2021/08/01 05:30:00,3942.25,26.68,TRADE
VIC1,2021/08/01 06:00:00,4024.65,37.61,TRADE
VIC1,2021/08/01 06:30:00,4106.58,39.93,TRADE
VIC1,2021/08/01 07:00:00,4258.86,63.70,TRADE
VIC1,2021/08/01 07:30:00,4388.35,61.40,TRADE
VIC1,2021/08/01 08:00:00,4597.79,44.69,TRADE
VIC1,2021/08/01 08:30:00,4762.36,64.06,TRADE
VIC1,2021/08/01 09:00:00,4728.55,46.09,TRADE
VIC1,2021/08/01 09:30:00,4565.64,46.63,TRADE
VIC1,2021/08/01 10:00:00,4374.69,27.44,TRADE
VIC1,2021/08/01 10:30:00,4137.82,34.36,TRADE
VIC1,2021/08/01 11:00:00,3867.42,8.91,TRADE
VIC1,2021/08/01 11:30:00,3647.58,-24.68,TRADE
VIC1,2021/08/01 12:00:00,3527.03,-18.51,TRADE
VIC1,2021/08/01 12:30:00,3518.24,-26.69,TRADE
VIC1,2021/08/01 13:00:00,3420.21,-35.90,TRADE
VIC1,2021/08/01 13:30:00,3454.22,-10.95,TRADE
VIC1,2021/08/01 14:00:00,3494.87,-16.93,TRADE
VIC1,2021/08/01 14:30:00,3618.57,-5.18,TRADE
VIC1,2021/08/01 15:00:00,3779.46,1.98,TRADE
VIC1,2021/08/01 15:30:00,3974.16,-16.53,TRADE
VIC1,2021/08/01 16:00:00,4299.77,-4.06,TRADE
VIC1,2021/08/01 16:30:00,4733.15,53.99,TRADE
VIC1,2021/08/01 17:00:00,5198.27,64.79,TRADE
VIC1,2021/08/01 17:30:00,5737.18,115.88,TRADE
VIC1,2021/08/01 18:00:00,6219.47,280.80,TRADE
VIC1,2021/08/01 18:30:00,6526.06,269.71,TRADE
VIC1,2021/08/01 19:00:00,6486.59,218.20,TRADE
VIC1,2021/08/01 19:30:00,6374.46,218.15,TRADE
VIC1,2021/08/01 20:00:00,6245.71,136.04,TRADE
VIC1,2021/08/01 20:30:00,6115.84,122.17,TRADE
VIC1,2021/08/01 21:00:00,5945.47,92.67,TRADE
VIC1,2021/08/01 21:30:00,5768.26,116.92,TRADE
VIC1,2021/08/01 22:00:00,5562.21,97.18,TRADE
VIC1,2021/08/01 22:30:00,5348.45,109.81,TRADE
VIC1,2021/08/01 23:00:00,5168.5,94.43,TRADE
VIC1,2021/08/01 23:30:00,5223.98,97.93,TRADE
VIC1,2021/08/02 00:00:00,5147.52,83.72,TRADE
VIC1,2021/08/02 00:30:00,4944.52,67.17,TRADE
VIC1,2021/08/02 01:00:00,4732.65,58.21,TRADE
VIC1,2021/08/02 01:30:00,4598.84,43.54,TRADE
VIC1,2021/08/02 02:00:00,4456.52,30.81,TRADE
VIC1,2021/08/02 02:30:00,4316.32,11.24,TRADE
VIC1,2021/08/02 03:00:00,4197.81,8.99,TRADE
VIC1,2021/08/02 03:30:00,4104.46,8.95,TRADE
VIC1,2021/08/02 04:00:00,4044.48,5.67,TRADE
VIC1,2021/08/02 04:30:00,4082.66,2.54,TRADE
VIC1,2021/08/02 05:00:00,3876.35,-10.76,TRADE
VIC1,2021/08/02 05:30:00,4130.96,6.23,TRADE
VIC1,2021/08/02 06:00:00,4570.84,6.13,TRADE
VIC1,2021/08/02 06:30:00,5058.61,-2.46,TRADE
VIC1,2021/08/02 07:00:00,5587.76,28.12,TRADE
VIC1,2021/08/02 07:30:00,6123.93,76.70,TRADE
VIC1,2021/08/02 08:00:00,6498.33,78.42,TRADE
VIC1,2021/08/02 08:30:00,6599.07,41.55,TRADE
VIC1,2021/08/02 09:00:00,6344.2,9.10,TRADE
VIC1,2021/08/02 09:30:00,6068.56,-22.04,TRADE
VIC1,2021/08/02 10:00:00,5720.41,-28.98,TRADE
VIC1,2021/08/02 10:30:00,5340.83,-27.65,TRADE
VIC1,2021/08/02 11:00:00,5030.82,-21.08,TRADE
VIC1,2021/08/02 11:30:00,4793.65,-26.69,TRADE
VIC1,2021/08/02 12:00:00,4592.12,-29.57,TRADE
VIC1,2021/08/02 12:30:00,4464.83,-28.51,TRADE
VIC1,2021/08/02 13:00:00,4382.02,-29.85,TRADE
VIC1,2021/08/02 13:30:00,4432.88,-31.02,TRADE
VIC1,2021/08/02 14:00:00,4461.82,-34.06,TRADE
VIC1,2021/08/02 14:30:00,4451.53,-28.98,TRADE
VIC1,2021/08/02 15:00:00,4447.59,-20.33,TRADE
VIC1,2021/08/02 15:30:00,4611.02,-30.73,TRADE
VIC1,2021/08/02 16:00:00,4852.6,-25.08,TRADE
VIC1,2021/08/02 16:30:00,5260.23,33.97,TRADE
VIC1,2021/08/02 17:00:00,5698.12,28.13,TRADE
VIC1,2021/08/02 17:30:00,6198.91,67.29,TRADE
VIC1,2021/08/02 18:00:00,6636.64,119.84,TRADE
VIC1,2021/08/02 18:30:00,6914.27,110.31,TRADE
VIC1,2021/08/02 19:00:00,6844.66,81.74,TRADE
VIC1,2021/08/02 19:30:00,6675.07,70.10,TRADE
VIC1,2021/08/02 20:00:00,6514.67,75.45,TRADE
VIC1,2021/08/02 20:30:00,6357.96,70,TRADE
VIC1,2021/08/02 21:00:00,6187.8,63.43,TRADE
VIC1,2021/08/02 21:30:00,6001.41,63.85,TRADE
VIC1,2021/08/02 22:00:00,5780.58,48.95,TRADE
VIC1,2021/08/02 22:30:00,5446.17,12.54,TRADE
VIC1,2021/08/02 23:00:00,5165.9,36.73,TRADE
VIC1,2021/08/02 23:30:00,5255.05,57.78,TRADE
VIC1,2021/08/03 00:00:00,5160.12,60.42,TRADE
VIC1,2021/08/03 00:30:00,4967.14,33.44,TRADE
VIC1,2021/08/03 01:00:00,4853.5,43.59,TRADE
VIC1,2021/08/03 01:30:00,4699.53,35.64,TRADE
VIC1,2021/08/03 02:00:00,4540.92,18.80,TRADE
VIC1,2021/08/03 02:30:00,4422.2,28.40,TRADE
VIC1,2021/08/03 03:00:00,4336.54,32.23,TRADE
VIC1,2021/08/03 03:30:00,4267.23,13.06,TRADE
VIC1,2021/08/03 04:00:00,4260.22,5.16,TRADE
VIC1,2021/08/03 04:30:00,4242.7,2,TRADE
VIC1,2021/08/03 05:00:00,4348.9,8.16,TRADE
VIC1,2021/08/03 05:30:00,4488.03,8.57,TRADE
VIC1,2021/08/03 06:00:00,4787.56,23.28,TRADE
VIC1,2021/08/03 06:30:00,5247.67,35.12,TRADE
VIC1,2021/08/03 07:00:00,5742.28,27.19,TRADE
VIC1,2021/08/03 07:30:00,6160.21,74.34,TRADE
VIC1,2021/08/03 08:00:00,6469.65,111.65,TRADE
VIC1,2021/08/03 08:30:00,6579.04,62.89,TRADE
VIC1,2021/08/03 09:00:00,6419.17,43.52,TRADE
VIC1,2021/08/03 09:30:00,6202.48,53.50,TRADE
VIC1,2021/08/03 10:00:00,5793.7,29.83,TRADE
VIC1,2021/08/03 10:30:00,5567.54,20.76,TRADE
VIC1,2021/08/03 11:00:00,5326.91,8.14,TRADE
VIC1,2021/08/03 11:30:00,5363.52,7.46,TRADE
VIC1,2021/08/03 12:00:00,5400.11,18.70,TRADE
VIC1,2021/08/03 12:30:00,5369.95,1.57,TRADE
VIC1,2021/08/03 13:00:00,5222.89,-15.44,TRADE
VIC1,2021/08/03 13:30:00,5137.12,0.81,TRADE
VIC1,2021/08/03 14:00:00,5060.96,-0.45,TRADE
VIC1,2021/08/03 14:30:00,4928.98,-27.22,TRADE
VIC1,2021/08/03 15:00:00,5031.43,0.08,TRADE
VIC1,2021/08/03 15:30:00,5236.79,-8.78,TRADE
VIC1,2021/08/03 16:00:00,5536.58,12.36,TRADE
VIC1,2021/08/03 16:30:00,5858.97,26.05,TRADE
VIC1,2021/08/03 17:00:00,6223.54,67.88,TRADE
VIC1,2021/08/03 17:30:00,6583.2,60.10,TRADE
VIC1,2021/08/03 18:00:00,6946.68,108.11,TRADE
VIC1,2021/08/03 18:30:00,7197.61,98.80,TRADE
VIC1,2021/08/03 19:00:00,7047.18,70,TRADE
VIC1,2021/08/03 19:30:00,6862.21,64.92,TRADE
VIC1,2021/08/03 20:00:00,6697.35,68.41,TRADE
VIC1,2021/08/03 20:30:00,6448.1,65.90,TRADE
VIC1,2021/08/03 21:00:00,6269.76,67.13,TRADE
VIC1,2021/08/03 21:30:00,6047.27,46.68,TRADE
VIC1,2021/08/03 22:00:00,5834.54,41.27,TRADE
VIC1,2021/08/03 22:30:00,5558.3,53.73,TRADE
VIC1,2021/08/03 23:00:00,5320.23,36.63,TRADE
VIC1,2021/08/03 23:30:00,5373.73,39.98,TRADE
VIC1,2021/08/04 00:00:00,5275,48.12,TRADE
VIC1,2021/08/04 00:30:00,5056.92,51.99,TRADE
VIC1,2021/08/04 01:00:00,4853.62,38.05,TRADE
VIC1,2021/08/04 01:30:00,4718.21,18.37,TRADE
VIC1,2021/08/04 02:00:00,4550.88,14.56,TRADE
VIC1,2021/08/04 02:30:00,4442.65,8.02,TRADE
VIC1,2021/08/04 03:00:00,4301.32,-15.41,TRADE
VIC1,2021/08/04 03:30:00,4222.37,-9.91,TRADE
VIC1,2021/08/04 04:00:00,4188.15,-15.80,TRADE
VIC1,2021/08/04 04:30:00,4185.98,-7.31,TRADE
VIC1,2021/08/04 05:00:00,4289.07,-3.08,TRADE
VIC1,2021/08/04 05:30:00,4480.1,17.73,TRADE
VIC1,2021/08/04 06:00:00,4684.08,21.29,TRADE
VIC1,2021/08/04 06:30:00,5132.76,41.21,TRADE
VIC1,2021/08/04 07:00:00,5631.92,63.49,TRADE
VIC1,2021/08/04 07:30:00,6080.5,77.09,TRADE
VIC1,2021/08/04 08:00:00,6446.57,82.61,TRADE
VIC1,2021/08/04 08:30:00,6597.85,168.40,TRADE
VIC1,2021/08/04 09:00:00,6499.51,100.98,TRADE
VIC1,2021/08/04 09:30:00,6359.85,90.14,TRADE
VIC1,2021/08/04 10:00:00,6113.52,98.57,TRADE
VIC1,2021/08/04 10:30:00,5766.06,92.74,TRADE
VIC1,2021/08/04 11:00:00,5474.57,35.70,TRADE
VIC1,2021/08/04 11:30:00,5363.39,54.01,TRADE
VIC1,2021/08/04 12:00:00,5245.57,27.62,TRADE
VIC1,2021/08/04 12:30:00,5182.59,6.50,TRADE
VIC1,2021/08/04 13:00:00,5071.46,1.49,TRADE
VIC1,2021/08/04 13:30:00,5110.64,26.28,TRADE
VIC1,2021/08/04 14:00:00,5167.09,22.84,TRADE
VIC1,2021/08/04 14:30:00,5290.26,65.44,TRADE
VIC1,2021/08/04 15:00:00,5282.55,23.05,TRADE
VIC1,2021/08/04 15:30:00,5390.07,64.32,TRADE
VIC1,2021/08/04 16:00:00,5617.73,63.54,TRADE
VIC1,2021/08/04 16:30:00,5886.19,58.54,TRADE
VIC1,2021/08/04 17:00:00,6202.06,63,TRADE
VIC1,2021/08/04 17:30:00,6484.37,80.57,TRADE
VIC1,2021/08/04 18:00:00,6757.41,160.87,TRADE
VIC1,2021/08/04 18:30:00,6831.32,131.30,TRADE
VIC1,2021/08/04 19:00:00,6805.56,139.79,TRADE
VIC1,2021/08/04 19:30:00,6647.2,91.85,TRADE
VIC1,2021/08/04 20:00:00,6461.32,91.88,TRADE
VIC1,2021/08/04 20:30:00,6274.47,95.66,TRADE
VIC1,2021/08/04 21:00:00,6081.46,79.58,TRADE
VIC1,2021/08/04 21:30:00,5867.43,83.30,TRADE
VIC1,2021/08/04 22:00:00,5614.6,85.25,TRADE
VIC1,2021/08/04 22:30:00,5350.13,74.16,TRADE
VIC1,2021/08/04 23:00:00,5084.55,71.54,TRADE
VIC1,2021/08/04 23:30:00,5182.56,65.21,TRADE
VIC1,2021/08/05 00:00:00,5055.47,65.84,TRADE
VIC1,2021/08/05 00:30:00,4835.97,48.04,TRADE
VIC1,2021/08/05 01:00:00,4727.71,35.42,TRADE
VIC1,2021/08/05 01:30:00,4546.82,9.80,TRADE
VIC1,2021/08/05 02:00:00,4344.27,4.80,TRADE
VIC1,2021/08/05 02:30:00,4247.8,2.63,TRADE
VIC1,2021/08/05 03:00:00,4187.44,-2.54,TRADE
VIC1,2021/08/05 03:30:00,4170.32,-9.02,TRADE
VIC1,2021/08/05 04:00:00,4150.52,-1.93,TRADE
VIC1,2021/08/05 04:30:00,4196.87,-0.09,TRADE
VIC1,2021/08/05 05:00:00,4247.14,10.72,TRADE
VIC1,2021/08/05 05:30:00,4452.6,27.71,TRADE
VIC1,2021/08/05 06:00:00,4630.25,19.56,TRADE
VIC1,2021/08/05 06:30:00,5108.96,45.86,TRADE
VIC1,2021/08/05 07:00:00,5619.65,70.76,TRADE
VIC1,2021/08/05 07:30:00,6042.12,81.59,TRADE
VIC1,2021/08/05 08:00:00,6394.52,102.51,TRADE
VIC1,2021/08/05 08:30:00,6398.68,90.57,TRADE
VIC1,2021/08/05 09:00:00,6284.77,73.66,TRADE
VIC1,2021/08/05 09:30:00,6133.87,66.29,TRADE
VIC1,2021/08/05 10:00:00,5790.63,53.57,TRADE
VIC1,2021/08/05 10:30:00,5577.18,33.87,TRADE
VIC1,2021/08/05 11:00:00,5397.58,10.84,TRADE
VIC1,2021/08/05 11:30:00,5220.97,2.16,TRADE
VIC1,2021/08/05 12:00:00,5137.35,2,TRADE
VIC1,2021/08/05 12:30:00,5077.48,-0.30,TRADE
VIC1,2021/08/05 13:00:00,5057.5,7.48,TRADE
VIC1,2021/08/05 13:30:00,5184.17,15.89,TRADE
VIC1,2021/08/05 14:00:00,5188.51,4.55,TRADE
VIC1,2021/08/05 14:30:00,5140.44,7.52,TRADE
VIC1,2021/08/05 15:00:00,5162.23,30.11,TRADE
VIC1,2021/08/05 15:30:00,5324.66,21.80,TRADE
VIC1,2021/08/05 16:00:00,5490.84,35.22,TRADE
VIC1,2021/08/05 16:30:00,5753.57,46.82,TRADE
VIC1,2021/08/05 17:00:00,6036.98,65.06,TRADE
VIC1,2021/08/05 17:30:00,6246.72,69.79,TRADE
VIC1,2021/08/05 18:00:00,6416.19,94.07,TRADE
VIC1,2021/08/05 18:30:00,6337.44,85.32,TRADE
VIC1,2021/08/05 19:00:00,6235.24,85.44,TRADE
VIC1,2021/08/05 19:30:00,6158.32,87.66,TRADE
VIC1,2021/08/05 20:00:00,6178.22,85.36,TRADE
VIC1,2021/08/05 20:30:00,6012.02,94.79,TRADE
VIC1,2021/08/05 21:00:00,5862.82,81.61,TRADE
VIC1,2021/08/05 21:30:00,5643.76,77.35,TRADE
VIC1,2021/08/05 22:00:00,5393.05,70.49,TRADE
VIC1,2021/08/05 22:30:00,5154.57,68.22,TRADE
VIC1,2021/08/05 23:00:00,4987.19,61.31,TRADE
VIC1,2021/08/05 23:30:00,5104.96,65.11,TRADE
VIC1,2021/08/06 00:00:00,4995.87,64.95,TRADE
VIC1,2021/08/06 00:30:00,4804.56,61.78,TRADE
VIC1,2021/08/06 01:00:00,4651.36,53.07,TRADE
VIC1,2021/08/06 01:30:00,4507.4,43.92,TRADE
VIC1,2021/08/06 02:00:00,4282.67,26.71,TRADE
VIC1,2021/08/06 02:30:00,4137.02,20.44,TRADE
VIC1,2021/08/06 03:00:00,4114.02,16.93,TRADE
VIC1,2021/08/06 03:30:00,4083.29,9.75,TRADE
VIC1,2021/08/06 04:00:00,4062.5,11.69,TRADE
VIC1,2021/08/06 04:30:00,3961.96,3.25,TRADE
VIC1,2021/08/06 05:00:00,3970.36,9.48,TRADE
VIC1,2021/08/06 05:30:00,4220.32,17.02,TRADE
VIC1,2021/08/06 06:00:00,4339.89,18.06,TRADE
VIC1,2021/08/06 06:30:00,4682.32,31.80,TRADE
VIC1,2021/08/06 07:00:00,5229.11,76.18,TRADE
VIC1,2021/08/06 07:30:00,5501.72,70,TRADE
VIC1,2021/08/06 08:00:00,5798.24,77.91,TRADE
VIC1,2021/08/06 08:30:00,6018.38,93.78,TRADE
VIC1,2021/08/06 09:00:00,6111.22,91.41,TRADE
VIC1,2021/08/06 09:30:00,6064.13,99.69,TRADE
VIC1,2021/08/06 10:00:00,5875.53,90.52,TRADE
VIC1,2021/08/06 10:30:00,5730.1,82.15,TRADE
VIC1,2021/08/06 11:00:00,5540.01,55.62,TRADE
VIC1,2021/08/06 11:30:00,5573.21,75.39,TRADE
VIC1,2021/08/06 12:00:00,5552.26,55.65,TRADE
VIC1,2021/08/06 12:30:00,5645.71,75.25,TRADE
VIC1,2021/08/06 13:00:00,5707.73,32.62,TRADE
VIC1,2021/08/06 13:30:00,5732.2,37.87,TRADE
VIC1,2021/08/06 14:00:00,5762.57,47.79,TRADE
VIC1,2021/08/06 14:30:00,5801.63,66.31,TRADE
VIC1,2021/08/06 15:00:00,5796.96,66.17,TRADE
VIC1,2021/08/06 15:30:00,5821.36,39.16,TRADE
VIC1,2021/08/06 16:00:00,5945.77,83.89,TRADE
VIC1,2021/08/06 16:30:00,5988.83,82.45,TRADE
VIC1,2021/08/06 17:00:00,6235.21,90.62,TRADE
VIC1,2021/08/06 17:30:00,6447.2,85.30,TRADE
VIC1,2021/08/06 18:00:00,6650.37,152.93,TRADE
VIC1,2021/08/06 18:30:00,6575.06,123,TRADE
VIC1,2021/08/06 19:00:00,6572.48,119.24,TRADE
VIC1,2021/08/06 19:30:00,6339.15,84.44,TRADE
VIC1,2021/08/06 20:00:00,6234.11,79.79,TRADE
VIC1,2021/08/06 20:30:00,6031.56,93.26,TRADE
VIC1,2021/08/06 21:00:00,5876,84.61,TRADE
VIC1,2021/08/06 21:30:00,5729.61,80.84,TRADE
VIC1,2021/08/06 22:00:00,5544.86,78.82,TRADE
VIC1,2021/08/06 22:30:00,5358.06,98.58,TRADE
VIC1,2021/08/06 23:00:00,5162.77,99.30,TRADE
VIC1,2021/08/06 23:30:00,5291.28,88.47,TRADE
VIC1,2021/08/07 00:00:00,5215.44,82.31,TRADE
VIC1,2021/08/07 00:30:00,4983.64,82.53,TRADE
VIC1,2021/08/07 01:00:00,4736.03,78.47,TRADE
VIC1,2021/08/07 01:30:00,4582.64,75.96,TRADE
VIC1,2021/08/07 02:00:00,4396.77,61.76,TRADE
VIC1,2021/08/07 02:30:00,4225.17,42.96,TRADE
VIC1,2021/08/07 03:00:00,4160.99,35.44,TRADE
VIC1,2021/08/07 03:30:00,4054.26,40.28,TRADE
VIC1,2021/08/07 04:00:00,3984.1,36.46,TRADE
VIC1,2021/08/07 04:30:00,4010.5,39.22,TRADE
VIC1,2021/08/07 05:00:00,3997.38,37.34,TRADE
VIC1,2021/08/07 05:30:00,4112.5,40.18,TRADE
VIC1,2021/08/07 06:00:00,4176.22,38.51,TRADE
VIC1,2021/08/07 06:30:00,4326.72,45.33,TRADE
VIC1,2021/08/07 07:00:00,4548.74,65.46,TRADE
VIC1,2021/08/07 07:30:00,4636.5,67.41,TRADE
VIC1,2021/08/07 08:00:00,4793.79,67.25,TRADE
VIC1,2021/08/07 08:30:00,4968.59,67.25,TRADE
VIC1,2021/08/07 09:00:00,5042.54,75.54,TRADE
VIC1,2021/08/07 09:30:00,5020.4,62.18,TRADE
VIC1,2021/08/07 10:00:00,5021.87,62.72,TRADE
VIC1,2021/08/07 10:30:00,4855.16,29.86,TRADE
VIC1,2021/08/07 11:00:00,4823.4,31.27,TRADE
VIC1,2021/08/07 11:30:00,4725.49,18.44,TRADE
VIC1,2021/08/07 12:00:00,4665.17,13.48,TRADE
VIC1,2021/08/07 12:30:00,4727.21,20.08,TRADE
VIC1,2021/08/07 13:00:00,4661.84,9.40,TRADE
VIC1,2021/08/07 13:30:00,4670.92,3.21,TRADE
VIC1,2021/08/07 14:00:00,4608.14,6.11,TRADE
VIC1,2021/08/07 14:30:00,4517.99,5.11,TRADE
VIC1,2021/08/07 15:00:00,4704.26,32.82,TRADE
VIC1,2021/08/07 15:30:00,4815.71,56.65,TRADE
VIC1,2021/08/07 16:00:00,5009.7,66.12,TRADE
VIC1,2021/08/07 16:30:00,5240.96,66.52,TRADE
VIC1,2021/08/07 17:00:00,5549.9,81.66,TRADE
VIC1,2021/08/07 17:30:00,5866.4,79.94,TRADE
VIC1,2021/08/07 18:00:00,6181.33,225.23,TRADE
VIC1,2021/08/07 18:30:00,6419.69,282.28,TRADE
VIC1,2021/08/07 19:00:00,6330.27,198.62,TRADE
VIC1,2021/08/07 19:30:00,6168.08,129.29,TRADE
VIC1,2021/08/07 20:00:00,6031.35,131.97,TRADE
VIC1,2021/08/07 20:30:00,5838.84,158.23,TRADE
VIC1,2021/08/07 21:00:00,5740.77,129.22,TRADE
VIC1,2021/08/07 21:30:00,5642.82,141.08,TRADE
VIC1,2021/08/07 22:00:00,5488.47,112.71,TRADE
VIC1,2021/08/07 22:30:00,5389.4,109.34,TRADE
VIC1,2021/08/07 23:00:00,5338.59,97.24,TRADE
VIC1,2021/08/07 23:30:00,5418.53,101.80,TRADE
VIC1,2021/08/08 00:00:00,5332.84,95.02,TRADE
VIC1,2021/08/08 00:30:00,5133.65,108.95,TRADE
VIC1,2021/08/08 01:00:00,4921.86,90.90,TRADE
VIC1,2021/08/08 01:30:00,4789.28,95.32,TRADE
VIC1,2021/08/08 02:00:00,4585.78,90.22,TRADE
VIC1,2021/08/08 02:30:00,4442.58,70.48,TRADE
VIC1,2021/08/08 03:00:00,4341.11,63.91,TRADE
VIC1,2021/08/08 03:30:00,4242.56,72.85,TRADE
VIC1,2021/08/08 04:00:00,4194.92,66.81,TRADE
VIC1,2021/08/08 04:30:00,4187.66,60.22,TRADE
VIC1,2021/08/08 05:00:00,4199.56,62.07,TRADE
VIC1,2021/08/08 05:30:00,4205.45,58.23,TRADE
VIC1,2021/08/08 06:00:00,4265.77,56.62,TRADE
VIC1,2021/08/08 06:30:00,4414.3,63.45,TRADE
VIC1,2021/08/08 07:00:00,4495.42,70.56,TRADE
VIC1,2021/08/08 07:30:00,4585.95,70,TRADE
VIC1,2021/08/08 08:00:00,4749.88,65.21,TRADE
VIC1,2021/08/08 08:30:00,4803.78,53.19,TRADE
VIC1,2021/08/08 09:00:00,4706.73,40.90,TRADE
VIC1,2021/08/08 09:30:00,4595.45,57.86,TRADE
VIC1,2021/08/08 10:00:00,4428.95,42.49,TRADE
VIC1,2021/08/08 10:30:00,4198.44,25.44,TRADE
VIC1,2021/08/08 11:00:00,3981.11,15.59,TRADE
VIC1,2021/08/08 11:30:00,3873.7,17.88,TRADE
VIC1,2021/08/08 12:00:00,3817.98,18.16,TRADE
VIC1,2021/08/08 12:30:00,3905.08,38.05,TRADE
VIC1,2021/08/08 13:00:00,4074.18,38.71,TRADE
VIC1,2021/08/08 13:30:00,4126.19,35.35,TRADE
VIC1,2021/08/08 14:00:00,4289.11,51.61,TRADE
VIC1,2021/08/08 14:30:00,4339.1,53.44,TRADE
VIC1,2021/08/08 15:00:00,4451.65,61.02,TRADE
VIC1,2021/08/08 15:30:00,4582.05,66.30,TRADE
VIC1,2021/08/08 16:00:00,4723.84,87.29,TRADE
VIC1,2021/08/08 16:30:00,4987.81,85.20,TRADE
VIC1,2021/08/08 17:00:00,5396.38,87.87,TRADE
VIC1,2021/08/08 17:30:00,5840.74,106.12,TRADE
VIC1,2021/08/08 18:00:00,6215.87,220.36,TRADE
VIC1,2021/08/08 18:30:00,6477.76,299.50,TRADE
VIC1,2021/08/08 19:00:00,6375.01,207.40,TRADE
VIC1,2021/08/08 19:30:00,6196.7,117.91,TRADE
VIC1,2021/08/08 20:00:00,5992.88,105.06,TRADE
VIC1,2021/08/08 20:30:00,5867.68,99.85,TRADE
VIC1,2021/08/08 21:00:00,5721.16,79.58,TRADE
VIC1,2021/08/08 21:30:00,5531.39,92.06,TRADE
VIC1,2021/08/08 22:00:00,5325.47,86.70,TRADE
VIC1,2021/08/08 22:30:00,5115.15,93.66,TRADE
VIC1,2021/08/08 23:00:00,4934.88,81.83,TRADE
VIC1,2021/08/08 23:30:00,5018.19,77.80,TRADE
VIC1,2021/08/09 00:00:00,4950.06,75.69,TRADE
VIC1,2021/08/09 00:30:00,4779.16,76.50,TRADE
VIC1,2021/08/09 01:00:00,4646.83,70.47,TRADE
VIC1,2021/08/09 01:30:00,4513.47,67.09,TRADE
VIC1,2021/08/09 02:00:00,4337.19,62.51,TRADE
VIC1,2021/08/09 02:30:00,4238.92,51.29,TRADE
VIC1,2021/08/09 03:00:00,4161.54,40.98,TRADE
VIC1,2021/08/09 03:30:00,4120.37,34.51,TRADE
VIC1,2021/08/09 04:00:00,4108.45,34.27,TRADE
VIC1,2021/08/09 04:30:00,4139.98,39.28,TRADE
VIC1,2021/08/09 05:00:00,4213.51,46.20,TRADE
VIC1,2021/08/09 05:30:00,4390.96,39.46,TRADE
VIC1,2021/08/09 06:00:00,4633.53,35.09,TRADE
VIC1,2021/08/09 06:30:00,5023.3,56.58,TRADE
VIC1,2021/08/09 07:00:00,5456.78,80.59,TRADE
VIC1,2021/08/09 07:30:00,5843.21,93.32,TRADE
VIC1,2021/08/09 08:00:00,6158.28,86.21,TRADE
VIC1,2021/08/09 08:30:00,6372.55,88.72,TRADE
VIC1,2021/08/09 09:00:00,6519.36,230.72,TRADE
VIC1,2021/08/09 09:30:00,6493.33,112.02,TRADE
VIC1,2021/08/09 10:00:00,6321.3,76.19,TRADE
VIC1,2021/08/09 10:30:00,6129.38,95.09,TRADE
VIC1,2021/08/09 11:00:00,5971.25,63.75,TRADE
VIC1,2021/08/09 11:30:00,5874.95,64.57,TRADE
VIC1,2021/08/09 12:00:00,5689.24,57.75,TRADE
VIC1,2021/08/09 12:30:00,5613.58,42.82,TRADE
VIC1,2021/08/09 13:00:00,5451.39,35.54,TRADE
VIC1,2021/08/09 13:30:00,5269.51,44.95,TRADE
VIC1,2021/08/09 14:00:00,5041.29,35.18,TRADE
VIC1,2021/08/09 14:30:00,4848.18,31.99,TRADE
VIC1,2021/08/09 15:00:00,4957.03,29.17,TRADE
VIC1,2021/08/09 15:30:00,5131.87,40.92,TRADE
VIC1,2021/08/09 16:00:00,5301.78,55.32,TRADE
VIC1,2021/08/09 16:30:00,5468.8,66.66,TRADE
VIC1,2021/08/09 17:00:00,5794.44,67.05,TRADE
VIC1,2021/08/09 17:30:00,6175.03,101.98,TRADE
VIC1,2021/08/09 18:00:00,6533.09,178.16,TRADE
VIC1,2021/08/09 18:30:00,6675.69,169.74,TRADE
VIC1,2021/08/09 19:00:00,6580.45,152.06,TRADE
VIC1,2021/08/09 19:30:00,6384.4,76.65,TRADE
VIC1,2021/08/09 20:00:00,6241.66,78.65,TRADE
VIC1,2021/08/09 20:30:00,6035.64,71.67,TRADE
VIC1,2021/08/09 21:00:00,5845.51,63.97,TRADE
VIC1,2021/08/09 21:30:00,5676.87,72.40,TRADE
VIC1,2021/08/09 22:00:00,5447,70.46,TRADE
VIC1,2021/08/09 22:30:00,5246.27,71.50,TRADE
VIC1,2021/08/09 23:00:00,5030.35,61.11,TRADE
VIC1,2021/08/09 23:30:00,5126.75,67.46,TRADE
VIC1,2021/08/10 00:00:00,5031.25,68.84,TRADE
VIC1,2021/08/10 00:30:00,4804.56,38.65,TRADE
VIC1,2021/08/10 01:00:00,4654.16,-4.50,TRADE
VIC1,2021/08/10 01:30:00,4510.71,8.96,TRADE
VIC1,2021/08/10 02:00:00,4346.05,-9.94,TRADE
VIC1,2021/08/10 02:30:00,4256.66,-3.25,TRADE
VIC1,2021/08/10 03:00:00,4114.79,-15,TRADE
VIC1,2021/08/10 03:30:00,3993.44,-20.74,TRADE
VIC1,2021/08/10 04:00:00,3977.76,-26.44,TRADE
VIC1,2021/08/10 04:30:00,4015.61,-17.94,TRADE
VIC1,2021/08/10 05:00:00,4086.6,-12.22,TRADE
VIC1,2021/08/10 05:30:00,4220.35,-3.44,TRADE
VIC1,2021/08/10 06:00:00,4542.23,3.21,TRADE
VIC1,2021/08/10 06:30:00,4884.36,12.42,TRADE
VIC1,2021/08/10 07:00:00,5350.14,51.33,TRADE
VIC1,2021/08/10 07:30:00,5696.18,70.38,TRADE
VIC1,2021/08/10 08:00:00,5972.79,78.11,TRADE
VIC1,2021/08/10 08:30:00,5948.73,57.45,TRADE
VIC1,2021/08/10 09:00:00,5753.83,45.98,TRADE
VIC1,2021/08/10 09:30:00,5470.95,27.53,TRADE
VIC1,2021/08/10 10:00:00,5120.41,4.81,TRADE
VIC1,2021/08/10 10:30:00,4818.7,9.61,TRADE
VIC1,2021/08/10 11:00:00,4528.95,-19.20,TRADE
VIC1,2021/08/10 11:30:00,4517.92,-24.77,TRADE
VIC1,2021/08/10 12:00:00,4375.11,-30.98,TRADE
VIC1,2021/08/10 12:30:00,4246.56,-28.87,TRADE
VIC1,2021/08/10 13:00:00,4065.79,-36.34,TRADE
VIC1,2021/08/10 13:30:00,4158.02,-29.85,TRADE
VIC1,2021/08/10 14:00:00,4204.91,-34.18,TRADE
VIC1,2021/08/10 14:30:00,4183.59,-32.10,TRADE
VIC1,2021/08/10 15:00:00,4241.03,-27.19,TRADE
VIC1,2021/08/10 15:30:00,4497.72,-23.62,TRADE
VIC1,2021/08/10 16:00:00,4778.83,-8.41,TRADE
VIC1,2021/08/10 16:30:00,5097.25,7.45,TRADE
VIC1,2021/08/10 17:00:00,5439.04,38.89,TRADE
VIC1,2021/08/10 17:30:00,5753.66,74.75,TRADE
VIC1,2021/08/10 18:00:00,6074.82,110.40,TRADE
VIC1,2021/08/10 18:30:00,6234.67,176.21,TRADE
VIC1,2021/08/10 19:00:00,6169.72,89.10,TRADE
VIC1,2021/08/10 19:30:00,5989.72,65.66,TRADE
VIC1,2021/08/10 20:00:00,5829.12,65.78,TRADE
VIC1,2021/08/10 20:30:00,5628.13,67.55,TRADE
VIC1,2021/08/10 21:00:00,5489.22,66.44,TRADE
VIC1,2021/08/10 21:30:00,5343.25,64.90,TRADE
VIC1,2021/08/10 22:00:00,5106.34,34.55,TRADE
VIC1,2021/08/10 22:30:00,4875.99,13.97,TRADE
VIC1,2021/08/10 23:00:00,4668.62,3.51,TRADE
VIC1,2021/08/10 23:30:00,4751.27,-9.78,TRADE
VIC1,2021/08/11 00:00:00,4724.56,8.14,TRADE
VIC1,2021/08/11 00:30:00,4501.87,-11.02,TRADE
VIC1,2021/08/11 01:00:00,4331.33,-2.19,TRADE
VIC1,2021/08/11 01:30:00,4160.26,-19.60,TRADE
VIC1,2021/08/11 02:00:00,4078.17,-22.34,TRADE
VIC1,2021/08/11 02:30:00,4005.62,-2.32,TRADE
VIC1,2021/08/11 03:00:00,3945.15,-3.98,TRADE
VIC1,2021/08/11 03:30:00,3918.82,-12.92,TRADE
VIC1,2021/08/11 04:00:00,3830.19,-18.24,TRADE
VIC1,2021/08/11 04:30:00,3886.19,-14.81,TRADE
VIC1,2021/08/11 05:00:00,3953.77,-12.09,TRADE
VIC1,2021/08/11 05:30:00,4117.24,-4.65,TRADE
VIC1,2021/08/11 06:00:00,4308.24,0.93,TRADE
VIC1,2021/08/11 06:30:00,4638.39,-5.66,TRADE
VIC1,2021/08/11 07:00:00,5008.18,20.47,TRADE
VIC1,2021/08/11 07:30:00,5308.52,69.72,TRADE
VIC1,2021/08/11 08:00:00,5481.81,51.83,TRADE
VIC1,2021/08/11 08:30:00,5578.56,37.69,TRADE
VIC1,2021/08/11 09:00:00,5484.59,44.94,TRADE
VIC1,2021/08/11 09:30:00,5267.31,33.26,TRADE
VIC1,2021/08/11 10:00:00,5002.73,12.14,TRADE
VIC1,2021/08/11 10:30:00,4930.15,-10.05,TRADE
VIC1,2021/08/11 11:00:00,4882.9,-23.84,TRADE
VIC1,2021/08/11 11:30:00,4917.66,-25.03,TRADE
VIC1,2021/08/11 12:00:00,4898.31,-15.26,TRADE
VIC1,2021/08/11 12:30:00,5002.08,-9.98,TRADE
VIC1,2021/08/11 13:00:00,5054.47,-29.87,TRADE
VIC1,2021/08/11 13:30:00,5030.1,-1.76,TRADE
VIC1,2021/08/11 14:00:00,5134.7,31.41,TRADE
VIC1,2021/08/11 14:30:00,5338.03,7.69,TRADE
VIC1,2021/08/11 15:00:00,5479.85,36.83,TRADE
VIC1,2021/08/11 15:30:00,5641.92,60.02,TRADE
VIC1,2021/08/11 16:00:00,5785.21,62.37,TRADE
VIC1,2021/08/11 16:30:00,5956.56,81.76,TRADE
VIC1,2021/08/11 17:00:00,6142.56,18.29,TRADE
VIC1,2021/08/11 17:30:00,6366.1,71.94,TRADE
VIC1,2021/08/11 18:00:00,6679.16,83.47,TRADE
VIC1,2021/08/11 18:30:00,6687.69,84.83,TRADE
VIC1,2021/08/11 19:00:00,6530.07,89.42,TRADE
VIC1,2021/08/11 19:30:00,6300.42,60.96,TRADE
VIC1,2021/08/11 20:00:00,6183.08,59.77,TRADE
VIC1,2021/08/11 20:30:00,5933.32,62.06,TRADE
VIC1,2021/08/11 21:00:00,5774.89,70,TRADE
VIC1,2021/08/11 21:30:00,5512.75,61.52,TRADE
VIC1,2021/08/11 22:00:00,5287.95,43,TRADE
VIC1,2021/08/11 22:30:00,5045.27,54.29,TRADE
VIC1,2021/08/11 23:00:00,4874.65,49.25,TRADE
VIC1,2021/08/11 23:30:00,5001.33,51.37,TRADE
VIC1,2021/08/12 00:00:00,4909.76,47.73,TRADE
VIC1,2021/08/12 00:30:00,4722.44,50.64,TRADE
VIC1,2021/08/12 01:00:00,4600.94,55.02,TRADE
VIC1,2021/08/12 01:30:00,4448.82,38.75,TRADE
VIC1,2021/08/12 02:00:00,4261.88,33.34,TRADE
VIC1,2021/08/12 02:30:00,4191.52,7.47,TRADE
VIC1,2021/08/12 03:00:00,4223.83,-8.39,TRADE
VIC1,2021/08/12 03:30:00,4184.54,-10.77,TRADE
VIC1,2021/08/12 04:00:00,4168.92,-9.67,TRADE
VIC1,2021/08/12 04:30:00,4175.54,-6.64,TRADE
VIC1,2021/08/12 05:00:00,4225.64,15.76,TRADE
VIC1,2021/08/12 05:30:00,4388.57,30.19,TRADE
VIC1,2021/08/12 06:00:00,4641.69,24.90,TRADE
VIC1,2021/08/12 06:30:00,5110.9,54.63,TRADE
VIC1,2021/08/12 07:00:00,5532.97,78,TRADE
VIC1,2021/08/12 07:30:00,5898.31,66.41,TRADE
VIC1,2021/08/12 08:00:00,6130.96,52.71,TRADE
VIC1,2021/08/12 08:30:00,6225.19,71.84,TRADE
VIC1,2021/08/12 09:00:00,6044.86,75.97,TRADE
VIC1,2021/08/12 09:30:00,5935.13,79.49,TRADE
VIC1,2021/08/12 10:00:00,5602.29,78.73,TRADE
VIC1,2021/08/12 10:30:00,5271.64,41.74,TRADE
VIC1,2021/08/12 11:00:00,4983.73,27.83,TRADE
VIC1,2021/08/12 11:30:00,4910.9,18.56,TRADE
VIC1,2021/08/12 12:00:00,4897.4,17.39,TRADE
VIC1,2021/08/12 12:30:00,4830.89,5.71,TRADE
VIC1,2021/08/12 13:00:00,4771.32,8.95,TRADE
VIC1,2021/08/12 13:30:00,4840.99,19.16,TRADE
VIC1,2021/08/12 14:00:00,4863.25,18.10,TRADE
VIC1,2021/08/12 14:30:00,4885.19,24.81,TRADE
VIC1,2021/08/12 15:00:00,4967.47,32.08,TRADE
VIC1,2021/08/12 15:30:00,5118.59,44.12,TRADE
VIC1,2021/08/12 16:00:00,5287.38,40.30,TRADE
VIC1,2021/08/12 16:30:00,5542.1,46.41,TRADE
VIC1,2021/08/12 17:00:00,5866.76,91.67,TRADE
VIC1,2021/08/12 17:30:00,6162.34,88.55,TRADE
VIC1,2021/08/12 18:00:00,6532.32,173.12,TRADE
VIC1,2021/08/12 18:30:00,6537.7,174.54,TRADE
VIC1,2021/08/12 19:00:00,6440.81,173.37,TRADE
VIC1,2021/08/12 19:30:00,6397.9,100.62,TRADE
VIC1,2021/08/12 20:00:00,6321.09,79.67,TRADE
VIC1,2021/08/12 20:30:00,6138.12,86.57,TRADE
VIC1,2021/08/12 21:00:00,5942.75,92.23,TRADE
VIC1,2021/08/12 21:30:00,5761.33,81.98,TRADE
VIC1,2021/08/12 22:00:00,5451.72,71.77,TRADE
VIC1,2021/08/12 22:30:00,5249.6,100.04,TRADE
VIC1,2021/08/12 23:00:00,5055.68,81.22,TRADE
VIC1,2021/08/12 23:30:00,5147.78,73.99,TRADE
VIC1,2021/08/13 00:00:00,5082.27,82.45,TRADE
VIC1,2021/08/13 00:30:00,4880.42,87.54,TRADE
VIC1,2021/08/13 01:00:00,4728.55,62.53,TRADE
VIC1,2021/08/13 01:30:00,4596.07,28.96,TRADE
VIC1,2021/08/13 02:00:00,4438.26,27.50,TRADE
VIC1,2021/08/13 02:30:00,4361.08,32.28,TRADE
VIC1,2021/08/13 03:00:00,4306.37,36.08,TRADE
VIC1,2021/08/13 03:30:00,4244.59,37.61,TRADE
VIC1,2021/08/13 04:00:00,4210.25,35.02,TRADE
VIC1,2021/08/13 04:30:00,4238.77,33.49,TRADE
VIC1,2021/08/13 05:00:00,4352.02,36.24,TRADE
VIC1,2021/08/13 05:30:00,4522.74,45.28,TRADE
VIC1,2021/08/13 06:00:00,4710.8,46.05,TRADE
VIC1,2021/08/13 06:30:00,5124.16,67.35,TRADE
VIC1,2021/08/13 07:00:00,5446.51,91.09,TRADE
VIC1,2021/08/13 07:30:00,5749.07,86.82,TRADE
VIC1,2021/08/13 08:00:00,5987.79,70,TRADE
VIC1,2021/08/13 08:30:00,5975.46,66.04,TRADE
VIC1,2021/08/13 09:00:00,5770.46,49.26,TRADE
VIC1,2021/08/13 09:30:00,5523.05,28.04,TRADE
VIC1,2021/08/13 10:00:00,5370.58,20.36,TRADE
VIC1,2021/08/13 10:30:00,5090.72,18.98,TRADE
VIC1,2021/08/13 11:00:00,5065.92,21.49,TRADE
VIC1,2021/08/13 11:30:00,4828.97,4.68,TRADE
VIC1,2021/08/13 12:00:00,4582.53,4.84,TRADE
VIC1,2021/08/13 12:30:00,4365.09,-11.68,TRADE
VIC1,2021/08/13 13:00:00,4295.37,-26.99,TRADE
VIC1,2021/08/13 13:30:00,4189.12,-29.54,TRADE
VIC1,2021/08/13 14:00:00,4160.06,-5.36,TRADE
VIC1,2021/08/13 14:30:00,4184.71,-12.52,TRADE
VIC1,2021/08/13 15:00:00,4321,4.18,TRADE
VIC1,2021/08/13 15:30:00,4473.6,-13.76,TRADE
VIC1,2021/08/13 16:00:00,4736.81,-4,TRADE
VIC1,2021/08/13 16:30:00,4954,-11.80,TRADE
VIC1,2021/08/13 17:00:00,5321.62,52.73,TRADE
VIC1,2021/08/13 17:30:00,5651.69,54.16,TRADE
VIC1,2021/08/13 18:00:00,6008.12,70.77,TRADE
VIC1,2021/08/13 18:30:00,6281.27,87.25,TRADE
VIC1,2021/08/13 19:00:00,6300.74,82.21,TRADE
VIC1,2021/08/13 19:30:00,6230.7,82.63,TRADE
VIC1,2021/08/13 20:00:00,6156.64,84.52,TRADE
VIC1,2021/08/13 20:30:00,6050.6,80.71,TRADE
VIC1,2021/08/13 21:00:00,5928.35,87.64,TRADE
VIC1,2021/08/13 21:30:00,5775.7,74.41,TRADE
VIC1,2021/08/13 22:00:00,5610.59,71.49,TRADE
VIC1,2021/08/13 22:30:00,5428.19,85.63,TRADE
VIC1,2021/08/13 23:00:00,5263.65,72.51,TRADE
VIC1,2021/08/13 23:30:00,5361.82,76.50,TRADE
VIC1,2021/08/14 00:00:00,5255.51,76.38,TRADE
VIC1,2021/08/14 00:30:00,5051.23,77.12,TRADE
VIC1,2021/08/14 01:00:00,4885.85,87.96,TRADE
VIC1,2021/08/14 01:30:00,4718.51,76.75,TRADE
VIC1,2021/08/14 02:00:00,4513.38,77.71,TRADE
VIC1,2021/08/14 02:30:00,4390.4,70.46,TRADE
VIC1,2021/08/14 03:00:00,4281.63,50.07,TRADE
VIC1,2021/08/14 03:30:00,4267.97,46.53,TRADE
VIC1,2021/08/14 04:00:00,4229.08,37.60,TRADE
VIC1,2021/08/14 04:30:00,4228.33,28.34,TRADE
VIC1,2021/08/14 05:00:00,4273.31,32.69,TRADE
VIC1,2021/08/14 05:30:00,4352.36,45.13,TRADE
VIC1,2021/08/14 06:00:00,4418.33,50.93,TRADE
VIC1,2021/08/14 06:30:00,4639.92,55.48,TRADE
VIC1,2021/08/14 07:00:00,4767.82,61.09,TRADE
VIC1,2021/08/14 07:30:00,4853.05,62.62,TRADE
VIC1,2021/08/14 08:00:00,5014.73,60.19,TRADE
VIC1,2021/08/14 08:30:00,5050.71,44.83,TRADE
VIC1,2021/08/14 09:00:00,4924.93,18.28,TRADE
VIC1,2021/08/14 09:30:00,4705.5,8.11,TRADE
VIC1,2021/08/14 10:00:00,4424.35,7.45,TRADE
VIC1,2021/08/14 10:30:00,4174.83,-15.34,TRADE
VIC1,2021/08/14 11:00:00,3923.24,-28.53,TRADE
VIC1,2021/08/14 11:30:00,3735.65,-26.68,TRADE
VIC1,2021/08/14 12:00:00,3591.93,-39.92,TRADE
VIC1,2021/08/14 12:30:00,3642.62,-28.03,TRADE
VIC1,2021/08/14 13:00:00,3736.3,-27.66,TRADE
VIC1,2021/08/14 13:30:00,3856.24,-26.66,TRADE
VIC1,2021/08/14 14:00:00,3756.91,-28.38,TRADE
VIC1,2021/08/14 14:30:00,3848.85,-28,TRADE
VIC1,2021/08/14 15:00:00,3918.29,-18.13,TRADE
VIC1,2021/08/14 15:30:00,4063.03,-13.06,TRADE
VIC1,2021/08/14 16:00:00,4322.85,2.61,TRADE
VIC1,2021/08/14 16:30:00,4554.7,26,TRADE
VIC1,2021/08/14 17:00:00,4846.92,71.78,TRADE
VIC1,2021/08/14 17:30:00,5270.83,150.04,TRADE
VIC1,2021/08/14 18:00:00,5652.24,224.71,TRADE
VIC1,2021/08/14 18:30:00,6049.06,135.95,TRADE
VIC1,2021/08/14 19:00:00,5997.12,75.24,TRADE
VIC1,2021/08/14 19:30:00,5879.9,65.91,TRADE
VIC1,2021/08/14 20:00:00,5758.26,64.56,TRADE
VIC1,2021/08/14 20:30:00,5639.72,65.99,TRADE
VIC1,2021/08/14 21:00:00,5507.73,69.13,TRADE
VIC1,2021/08/14 21:30:00,5360.85,57.92,TRADE
VIC1,2021/08/14 22:00:00,5199.58,49.93,TRADE
VIC1,2021/08/14 22:30:00,5042.43,62.86,TRADE
VIC1,2021/08/14 23:00:00,4927.87,32.26,TRADE
VIC1,2021/08/14 23:30:00,5016.19,25.10,TRADE
VIC1,2021/08/15 00:00:00,4915.19,8.73,TRADE
VIC1,2021/08/15 00:30:00,4717.66,18.60,TRADE
VIC1,2021/08/15 01:00:00,4525.43,-13.44,TRADE
VIC1,2021/08/15 01:30:00,4353.87,-4.70,TRADE
VIC1,2021/08/15 02:00:00,4187.42,-16.15,TRADE
VIC1,2021/08/15 02:30:00,4039.79,-3.33,TRADE
VIC1,2021/08/15 03:00:00,3870.34,3.39,TRADE
VIC1,2021/08/15 03:30:00,3844.23,10.46,TRADE
VIC1,2021/08/15 04:00:00,3826.46,15.30,TRADE
VIC1,2021/08/15 04:30:00,3779.21,7.32,TRADE
VIC1,2021/08/15 05:00:00,3769.61,8.95,TRADE
VIC1,2021/08/15 05:30:00,3844.74,13.70,TRADE
VIC1,2021/08/15 06:00:00,3913.31,5.70,TRADE
VIC1,2021/08/15 06:30:00,4008.61,8.97,TRADE
VIC1,2021/08/15 07:00:00,4137.76,11,TRADE
VIC1,2021/08/15 07:30:00,4203.72,8.95,TRADE
VIC1,2021/08/15 08:00:00,4394.29,17.62,TRADE
VIC1,2021/08/15 08:30:00,4466.04,4.60,TRADE
VIC1,2021/08/15 09:00:00,4321.97,0.95,TRADE
VIC1,2021/08/15 09:30:00,4164.19,1.86,TRADE
VIC1,2021/08/15 10:00:00,3826.78,-18.08,TRADE
VIC1,2021/08/15 10:30:00,3696.39,-19.05,TRADE
VIC1,2021/08/15 11:00:00,3506.92,-39.80,TRADE
VIC1,2021/08/15 11:30:00,3308.26,-73.48,TRADE
VIC1,2021/08/15 12:00:00,3128.93,-60.13,TRADE
VIC1,2021/08/15 12:30:00,3044.38,-59.39,TRADE
VIC1,2021/08/15 13:00:00,2946.07,-137.93,TRADE
VIC1,2021/08/15 13:30:00,2921.39,-156.35,TRADE
VIC1,2021/08/15 14:00:00,3013.82,-58.25,TRADE
VIC1,2021/08/15 14:30:00,3077.69,-61.73,TRADE
VIC1,2021/08/15 15:00:00,3218.97,-55.39,TRADE
VIC1,2021/08/15 15:30:00,3473.01,-48.35,TRADE
VIC1,2021/08/15 16:00:00,3715.79,-37.14,TRADE
VIC1,2021/08/15 16:30:00,4168.71,-26.46,TRADE
VIC1,2021/08/15 17:00:00,4598.77,-13.45,TRADE
VIC1,2021/08/15 17:30:00,4974.23,11.66,TRADE
VIC1,2021/08/15 18:00:00,5368.01,64.25,TRADE
VIC1,2021/08/15 18:30:00,5661.48,62.47,TRADE
VIC1,2021/08/15 19:00:00,5631.38,55.37,TRADE
VIC1,2021/08/15 19:30:00,5538.16,45.58,TRADE
VIC1,2021/08/15 20:00:00,5376.79,39.99,TRADE
VIC1,2021/08/15 20:30:00,5227.61,39.69,TRADE
VIC1,2021/08/15 21:00:00,5085.64,13.61,TRADE
VIC1,2021/08/15 21:30:00,4957.29,-10.29,TRADE
VIC1,2021/08/15 22:00:00,4759.7,-0.55,TRADE
VIC1,2021/08/15 22:30:00,4627.65,-4.37,TRADE
VIC1,2021/08/15 23:00:00,4440.6,2.17,TRADE
VIC1,2021/08/15 23:30:00,4538.76,22.06,TRADE
VIC1,2021/08/16 00:00:00,4479.04,10.64,TRADE
VIC1,2021/08/16 00:30:00,4302.49,1.30,TRADE
VIC1,2021/08/16 01:00:00,4143.1,-4.02,TRADE
VIC1,2021/08/16 01:30:00,4057.12,-2.92,TRADE
VIC1,2021/08/16 02:00:00,3853.8,-5.29,TRADE
VIC1,2021/08/16 02:30:00,3754.65,-0.61,TRADE
VIC1,2021/08/16 03:00:00,3687.85,-2.31,TRADE
VIC1,2021/08/16 03:30:00,3709.72,-1.47,TRADE
VIC1,2021/08/16 04:00:00,3631.64,-2.86,TRADE
VIC1,2021/08/16 04:30:00,3667.75,-19.11,TRADE
VIC1,2021/08/16 05:00:00,3745.3,-5.15,TRADE
VIC1,2021/08/16 05:30:00,3924.02,-1.08,TRADE
VIC1,2021/08/16 06:00:00,4130.46,5.74,TRADE
VIC1,2021/08/16 06:30:00,4597.06,51.96,TRADE
VIC1,2021/08/16 07:00:00,4983.56,64.31,TRADE
VIC1,2021/08/16 07:30:00,5278.48,68.83,TRADE
VIC1,2021/08/16 08:00:00,5569.76,63,TRADE
VIC1,2021/08/16 08:30:00,5697.14,54.97,TRADE
VIC1,2021/08/16 09:00:00,5766.83,38.34,TRADE
VIC1,2021/08/16 09:30:00,5724.05,18.74,TRADE
VIC1,2021/08/16 10:00:00,5485.62,-10.87,TRADE
VIC1,2021/08/16 10:30:00,5404.83,7.92,TRADE
VIC1,2021/08/16 11:00:00,5254.29,12.07,TRADE
VIC1,2021/08/16 11:30:00,5086.32,-19.12,TRADE
VIC1,2021/08/16 12:00:00,5124.88,-18.28,TRADE
VIC1,2021/08/16 12:30:00,4931.78,-3.45,TRADE
VIC1,2021/08/16 13:00:00,5026.38,0.20,TRADE
VIC1,2021/08/16 13:30:00,5097.14,-20.96,TRADE
VIC1,2021/08/16 14:00:00,4847.68,-29.70,TRADE
VIC1,2021/08/16 14:30:00,4667.65,-24.83,TRADE
VIC1,2021/08/16 15:00:00,4821.83,-25.74,TRADE
VIC1,2021/08/16 15:30:00,5022.63,-32.62,TRADE
VIC1,2021/08/16 16:00:00,5271.5,0.64,TRADE
VIC1,2021/08/16 16:30:00,5495.86,-1.44,TRADE
VIC1,2021/08/16 17:00:00,5764.46,32.12,TRADE
VIC1,2021/08/16 17:30:00,6108.44,68.91,TRADE
VIC1,2021/08/16 18:00:00,6467.44,108.02,TRADE
VIC1,2021/08/16 18:30:00,6595.54,89.07,TRADE
VIC1,2021/08/16 19:00:00,6552.8,88.88,TRADE
VIC1,2021/08/16 19:30:00,6413.91,90.48,TRADE
VIC1,2021/08/16 20:00:00,6260.84,86.86,TRADE
VIC1,2021/08/16 20:30:00,6086.97,78.15,TRADE
VIC1,2021/08/16 21:00:00,5900.9,85.19,TRADE
VIC1,2021/08/16 21:30:00,5744.18,71.44,TRADE
VIC1,2021/08/16 22:00:00,5504.21,57.81,TRADE
VIC1,2021/08/16 22:30:00,5274.94,58.42,TRADE
VIC1,2021/08/16 23:00:00,5031.99,46.44,TRADE
VIC1,2021/08/16 23:30:00,5111.27,57.95,TRADE
VIC1,2021/08/17 00:00:00,4999.66,52.68,TRADE
VIC1,2021/08/17 00:30:00,4861.71,52.09,TRADE
VIC1,2021/08/17 01:00:00,4737.36,47.13,TRADE
VIC1,2021/08/17 01:30:00,4550.22,39.15,TRADE
VIC1,2021/08/17 02:00:00,4366.99,36.05,TRADE
VIC1,2021/08/17 02:30:00,4244.29,15.95,TRADE
VIC1,2021/08/17 03:00:00,4188.1,15.25,TRADE
VIC1,2021/08/17 03:30:00,4106.9,8.95,TRADE
VIC1,2021/08/17 04:00:00,4090.34,8.95,TRADE
VIC1,2021/08/17 04:30:00,4148.38,17.90,TRADE
VIC1,2021/08/17 05:00:00,4198.75,28.54,TRADE
VIC1,2021/08/17 05:30:00,4377.19,39.08,TRADE
VIC1,2021/08/17 06:00:00,4617.4,38,TRADE
VIC1,2021/08/17 06:30:00,4993.43,67.84,TRADE
VIC1,2021/08/17 07:00:00,5418.14,77.75,TRADE
VIC1,2021/08/17 07:30:00,5722.67,102.96,TRADE
VIC1,2021/08/17 08:00:00,5978.59,103.39,TRADE
VIC1,2021/08/17 08:30:00,6088.79,70,TRADE
VIC1,2021/08/17 09:00:00,6145.42,76.89,TRADE
VIC1,2021/08/17 09:30:00,6012.46,77,TRADE
VIC1,2021/08/17 10:00:00,5806.67,71.31,TRADE
VIC1,2021/08/17 10:30:00,5687.33,56.46,TRADE
VIC1,2021/08/17 11:00:00,5600.14,40.49,TRADE
VIC1,2021/08/17 11:30:00,5518.24,42.21,TRADE
VIC1,2021/08/17 12:00:00,5472.08,42.72,TRADE
VIC1,2021/08/17 12:30:00,5417.23,42.95,TRADE
VIC1,2021/08/17 13:00:00,5411.36,41.61,TRADE
VIC1,2021/08/17 13:30:00,5376.88,40.88,TRADE
VIC1,2021/08/17 14:00:00,5268.02,25.77,TRADE
VIC1,2021/08/17 14:30:00,5264.29,7.62,TRADE
VIC1,2021/08/17 15:00:00,5258.01,23.76,TRADE
VIC1,2021/08/17 15:30:00,5313.17,24.62,TRADE
VIC1,2021/08/17 16:00:00,5408.29,46.09,TRADE
VIC1,2021/08/17 16:30:00,5624.7,51.31,TRADE
VIC1,2021/08/17 17:00:00,5979.85,89.30,TRADE
VIC1,2021/08/17 17:30:00,6273.13,96.55,TRADE
VIC1,2021/08/17 18:00:00,6669.65,212.45,TRADE
VIC1,2021/08/17 18:30:00,6849.04,284.07,TRADE
VIC1,2021/08/17 19:00:00,6692.72,205.01,TRADE
VIC1,2021/08/17 19:30:00,6507.81,111.83,TRADE
VIC1,2021/08/17 20:00:00,6410.9,112.74,TRADE
VIC1,2021/08/17 20:30:00,6269.97,98.44,TRADE
VIC1,2021/08/17 21:00:00,6037.54,94.70,TRADE
VIC1,2021/08/17 21:30:00,5935.43,117.70,TRADE
VIC1,2021/08/17 22:00:00,5664.65,101.20,TRADE
VIC1,2021/08/17 22:30:00,5432.6,102.24,TRADE
VIC1,2021/08/17 23:00:00,5236.08,87.68,TRADE
VIC1,2021/08/17 23:30:00,5372.52,113.37,TRADE
VIC1,2021/08/18 00:00:00,5275.42,99.34,TRADE
VIC1,2021/08/18 00:30:00,5102.55,86.42,TRADE
VIC1,2021/08/18 01:00:00,4911.55,85.02,TRADE
VIC1,2021/08/18 01:30:00,4772.39,79.01,TRADE
VIC1,2021/08/18 02:00:00,4607.2,73.63,TRADE
VIC1,2021/08/18 02:30:00,4510.7,61.98,TRADE
VIC1,2021/08/18 03:00:00,4414.2,62.86,TRADE
VIC1,2021/08/18 03:30:00,4343.47,56.70,TRADE
VIC1,2021/08/18 04:00:00,4333.51,55.88,TRADE
VIC1,2021/08/18 04:30:00,4337.22,63.86,TRADE
VIC1,2021/08/18 05:00:00,4423.71,65.30,TRADE
VIC1,2021/08/18 05:30:00,4558.25,67.44,TRADE
VIC1,2021/08/18 06:00:00,4763.11,63.92,TRADE
VIC1,2021/08/18 06:30:00,5180.94,85.15,TRADE
VIC1,2021/08/18 07:00:00,5562.59,144.52,TRADE
VIC1,2021/08/18 07:30:00,5865.46,123,TRADE
VIC1,2021/08/18 08:00:00,5900.77,99.36,TRADE
VIC1,2021/08/18 08:30:00,6185.27,91.08,TRADE
VIC1,2021/08/18 09:00:00,6152.1,73.67,TRADE
VIC1,2021/08/18 09:30:00,6042.02,65.77,TRADE
VIC1,2021/08/18 10:00:00,5809.02,37.07,TRADE
VIC1,2021/08/18 10:30:00,5616.66,39.20,TRADE
VIC1,2021/08/18 11:00:00,5422.54,26.14,TRADE
VIC1,2021/08/18 11:30:00,5322.89,26.75,TRADE
VIC1,2021/08/18 12:00:00,5206.94,24.16,TRADE
VIC1,2021/08/18 12:30:00,5182.41,23.56,TRADE
VIC1,2021/08/18 13:00:00,5175.3,18.14,TRADE
VIC1,2021/08/18 13:30:00,5237.45,24.18,TRADE
VIC1,2021/08/18 14:00:00,5155.7,32.43,TRADE
VIC1,2021/08/18 14:30:00,5011.5,31.53,TRADE
VIC1,2021/08/18 15:00:00,5022.42,39.13,TRADE
VIC1,2021/08/18 15:30:00,5181.16,39.45,TRADE
VIC1,2021/08/18 16:00:00,5345.51,51.50,TRADE
VIC1,2021/08/18 16:30:00,5564.26,34.94,TRADE
VIC1,2021/08/18 17:00:00,5872.73,74.67,TRADE
VIC1,2021/08/18 17:30:00,6252.8,110.25,TRADE
VIC1,2021/08/18 18:00:00,6589.89,222.30,TRADE
VIC1,2021/08/18 18:30:00,6788.59,283.43,TRADE
VIC1,2021/08/18 19:00:00,6787.73,258.79,TRADE
VIC1,2021/08/18 19:30:00,6639.24,200.01,TRADE
VIC1,2021/08/18 20:00:00,6485.24,149.33,TRADE
VIC1,2021/08/18 20:30:00,6238.01,100.87,TRADE
VIC1,2021/08/18 21:00:00,6006.03,80.18,TRADE
VIC1,2021/08/18 21:30:00,5887.7,101.73,TRADE
VIC1,2021/08/18 22:00:00,5633.82,100.25,TRADE
VIC1,2021/08/18 22:30:00,5368.36,106.97,TRADE
VIC1,2021/08/18 23:00:00,5242.68,87.32,TRADE
VIC1,2021/08/18 23:30:00,5329.5,88.05,TRADE
VIC1,2021/08/19 00:00:00,5223.41,96.76,TRADE
VIC1,2021/08/19 00:30:00,5027.67,89.90,TRADE
VIC1,2021/08/19 01:00:00,4896.48,84.87,TRADE
VIC1,2021/08/19 01:30:00,4724.37,76.11,TRADE
VIC1,2021/08/19 02:00:00,4620.62,60.18,TRADE
VIC1,2021/08/19 02:30:00,4494.3,41.97,TRADE
VIC1,2021/08/19 03:00:00,4392.29,35.17,TRADE
VIC1,2021/08/19 03:30:00,4357.33,31.22,TRADE
VIC1,2021/08/19 04:00:00,4356.01,33.38,TRADE
VIC1,2021/08/19 04:30:00,4359.78,33.99,TRADE
VIC1,2021/08/19 05:00:00,4421.31,38.61,TRADE
VIC1,2021/08/19 05:30:00,4587.34,51.16,TRADE
VIC1,2021/08/19 06:00:00,4816.21,53.20,TRADE
VIC1,2021/08/19 06:30:00,5234.94,72.36,TRADE
VIC1,2021/08/19 07:00:00,5621.83,121.92,TRADE
VIC1,2021/08/19 07:30:00,5888.84,108.07,TRADE
VIC1,2021/08/19 08:00:00,6107.73,79.98,TRADE
VIC1,2021/08/19 08:30:00,6135.13,39.11,TRADE
VIC1,2021/08/19 09:00:00,5951.93,6.77,TRADE
VIC1,2021/08/19 09:30:00,5702.44,-10.90,TRADE
VIC1,2021/08/19 10:00:00,5275.68,0.76,TRADE
VIC1,2021/08/19 10:30:00,4876.58,-17.75,TRADE
VIC1,2021/08/19 11:00:00,4590.57,-23.94,TRADE
VIC1,2021/08/19 11:30:00,4371.53,-0.48,TRADE
VIC1,2021/08/19 12:00:00,4286.92,-20.90,TRADE
VIC1,2021/08/19 12:30:00,4198.59,-0.86,TRADE
VIC1,2021/08/19 13:00:00,4135.17,2.59,TRADE
VIC1,2021/08/19 13:30:00,4158.56,-1.40,TRADE
VIC1,2021/08/19 14:00:00,4146.13,-4.61,TRADE
VIC1,2021/08/19 14:30:00,4156.41,-14.55,TRADE
VIC1,2021/08/19 15:00:00,4263.95,-12.21,TRADE
VIC1,2021/08/19 15:30:00,4440.54,-8.29,TRADE
VIC1,2021/08/19 16:00:00,4466,-3.17,TRADE
VIC1,2021/08/19 16:30:00,4836.84,35.40,TRADE
VIC1,2021/08/19 17:00:00,5152.94,59.24,TRADE
VIC1,2021/08/19 17:30:00,5590.39,80.77,TRADE
VIC1,2021/08/19 18:00:00,6004.9,96.33,TRADE
VIC1,2021/08/19 18:30:00,6277.67,80.94,TRADE
VIC1,2021/08/19 19:00:00,6344.8,77.31,TRADE
VIC1,2021/08/19 19:30:00,6197.24,74.54,TRADE
VIC1,2021/08/19 20:00:00,6008.36,40.66,TRADE
VIC1,2021/08/19 20:30:00,5855.78,45.65,TRADE
VIC1,2021/08/19 21:00:00,5731.76,33.29,TRADE
VIC1,2021/08/19 21:30:00,5527.97,22.87,TRADE
VIC1,2021/08/19 22:00:00,5314.37,7.67,TRADE
VIC1,2021/08/19 22:30:00,5032.66,-12.23,TRADE
VIC1,2021/08/19 23:00:00,4822.58,-10.72,TRADE
VIC1,2021/08/19 23:30:00,4984.01,42.36,TRADE
VIC1,2021/08/20 00:00:00,4879.13,-10.52,TRADE
VIC1,2021/08/20 00:30:00,4661.79,-2.80,TRADE
VIC1,2021/08/20 01:00:00,4513.66,8.61,TRADE
VIC1,2021/08/20 01:30:00,4403.55,-5.42,TRADE
VIC1,2021/08/20 02:00:00,4279.91,-5.98,TRADE
VIC1,2021/08/20 02:30:00,4160.47,-15.73,TRADE
VIC1,2021/08/20 03:00:00,4026.17,-19.50,TRADE
VIC1,2021/08/20 03:30:00,3973.1,-26.76,TRADE
VIC1,2021/08/20 04:00:00,3929.43,-20.68,TRADE
VIC1,2021/08/20 04:30:00,3915.98,-30.94,TRADE
VIC1,2021/08/20 05:00:00,3962.82,-28.92,TRADE
VIC1,2021/08/20 05:30:00,4151.98,-18.86,TRADE
VIC1,2021/08/20 06:00:00,4416.01,-14.97,TRADE
VIC1,2021/08/20 06:30:00,4866.31,-8.21,TRADE
VIC1,2021/08/20 07:00:00,5240.85,26.07,TRADE
VIC1,2021/08/20 07:30:00,5557.47,51.84,TRADE
VIC1,2021/08/20 08:00:00,5916.9,30.57,TRADE
VIC1,2021/08/20 08:30:00,6122.96,30.72,TRADE
VIC1,2021/08/20 09:00:00,6183.58,28.52,TRADE
VIC1,2021/08/20 09:30:00,6179.44,29.15,TRADE
VIC1,2021/08/20 10:00:00,6107.33,35.16,TRADE
VIC1,2021/08/20 10:30:00,6103.37,24.35,TRADE
VIC1,2021/08/20 11:00:00,5998.22,9.81,TRADE
VIC1,2021/08/20 11:30:00,5799.19,7.67,TRADE
VIC1,2021/08/20 12:00:00,5380.17,-11.69,TRADE
VIC1,2021/08/20 12:30:00,5242.87,-0.19,TRADE
VIC1,2021/08/20 13:00:00,5315.54,7.87,TRADE
VIC1,2021/08/20 13:30:00,5471.43,11.58,TRADE
VIC1,2021/08/20 14:00:00,5134.94,0.88,TRADE
VIC1,2021/08/20 14:30:00,4845.35,-24.98,TRADE
VIC1,2021/08/20 15:00:00,4655.93,7.28,TRADE
VIC1,2021/08/20 15:30:00,4684.96,-18.23,TRADE
VIC1,2021/08/20 16:00:00,5013.88,6.52,TRADE
VIC1,2021/08/20 16:30:00,5252.55,21.66,TRADE
VIC1,2021/08/20 17:00:00,5570.55,83.33,TRADE
VIC1,2021/08/20 17:30:00,5871.57,79.62,TRADE
VIC1,2021/08/20 18:00:00,6176.11,118.51,TRADE
VIC1,2021/08/20 18:30:00,6329.19,97.64,TRADE
VIC1,2021/08/20 19:00:00,6331.48,79.69,TRADE
VIC1,2021/08/20 19:30:00,6202.13,72.30,TRADE
VIC1,2021/08/20 20:00:00,6055.8,72.65,TRADE
VIC1,2021/08/20 20:30:00,5898.17,79.65,TRADE
VIC1,2021/08/20 21:00:00,5783.73,74.34,TRADE
VIC1,2021/08/20 21:30:00,5586.35,93.20,TRADE
VIC1,2021/08/20 22:00:00,5438.69,82.29,TRADE
VIC1,2021/08/20 22:30:00,5256.34,108.67,TRADE
VIC1,2021/08/20 23:00:00,5093.04,94.86,TRADE
VIC1,2021/08/20 23:30:00,5184.46,78.74,TRADE
VIC1,2021/08/21 00:00:00,5112.61,80.86,TRADE
VIC1,2021/08/21 00:30:00,4824.7,70.73,TRADE
VIC1,2021/08/21 01:00:00,4654.99,64.33,TRADE
VIC1,2021/08/21 01:30:00,4520.01,67.70,TRADE
VIC1,2021/08/21 02:00:00,4339.2,41.56,TRADE
VIC1,2021/08/21 02:30:00,4184.41,26.09,TRADE
VIC1,2021/08/21 03:00:00,4023.45,24.89,TRADE
VIC1,2021/08/21 03:30:00,3938.27,12.74,TRADE
VIC1,2021/08/21 04:00:00,3887.5,0.39,TRADE
VIC1,2021/08/21 04:30:00,3911.57,4.38,TRADE
VIC1,2021/08/21 05:00:00,3934.8,6.33,TRADE
VIC1,2021/08/21 05:30:00,4046.42,20.11,TRADE
VIC1,2021/08/21 06:00:00,4149.24,30.16,TRADE
VIC1,2021/08/21 06:30:00,4335.1,42.39,TRADE
VIC1,2021/08/21 07:00:00,4474.44,48.78,TRADE
VIC1,2021/08/21 07:30:00,4498.17,47.04,TRADE
VIC1,2021/08/21 08:00:00,4513.13,35.17,TRADE
VIC1,2021/08/21 08:30:00,4478.89,9.29,TRADE
VIC1,2021/08/21 09:00:00,4276.39,-14.70,TRADE
VIC1,2021/08/21 09:30:00,4071.64,-23.70,TRADE
VIC1,2021/08/21 10:00:00,3795.24,-46.50,TRADE
VIC1,2021/08/21 10:30:00,3550.39,-28.37,TRADE
VIC1,2021/08/21 11:00:00,3462.52,-25.34,TRADE
VIC1,2021/08/21 11:30:00,3307.67,-27.78,TRADE
VIC1,2021/08/21 12:00:00,3202.3,-42.89,TRADE
VIC1,2021/08/21 12:30:00,3227.95,-43.03,TRADE
VIC1,2021/08/21 13:00:00,3240.39,-36.24,TRADE
VIC1,2021/08/21 13:30:00,3252.4,-36.61,TRADE
VIC1,2021/08/21 14:00:00,3273.77,-38.69,TRADE
VIC1,2021/08/21 14:30:00,3421.11,-18.19,TRADE
VIC1,2021/08/21 15:00:00,3574.49,-16.92,TRADE
VIC1,2021/08/21 15:30:00,3795.6,-9.86,TRADE
VIC1,2021/08/21 16:00:00,4002.85,-0.63,TRADE
VIC1,2021/08/21 16:30:00,4266.91,-14.29,TRADE
VIC1,2021/08/21 17:00:00,4624.87,16.31,TRADE
VIC1,2021/08/21 17:30:00,4969.42,84.89,TRADE
VIC1,2021/08/21 18:00:00,5339.86,93.01,TRADE
VIC1,2021/08/21 18:30:00,5628.25,100.71,TRADE
VIC1,2021/08/21 19:00:00,5705.47,103.32,TRADE
VIC1,2021/08/21 19:30:00,5551.85,72.38,TRADE
VIC1,2021/08/21 20:00:00,5452.1,73.25,TRADE
VIC1,2021/08/21 20:30:00,5293.28,81.50,TRADE
VIC1,2021/08/21 21:00:00,5213.13,91.97,TRADE
VIC1,2021/08/21 21:30:00,5058.39,101.54,TRADE
VIC1,2021/08/21 22:00:00,4911.37,103.84,TRADE
VIC1,2021/08/21 22:30:00,4791.63,85.45,TRADE
VIC1,2021/08/21 23:00:00,4683.76,78.44,TRADE
VIC1,2021/08/21 23:30:00,4822.24,72.51,TRADE
VIC1,2021/08/22 00:00:00,4720.37,70.62,TRADE
